CREATE DATABASE QLBH
USE QLBH

CREATE TABLE KHACHHANG 
(
	MAKH char(4) not null,
	HOTEN varchar(40),
	DCHI varchar(50),
	SODT varchar(20),
	NGSINH smalldatetime,
	DOANHSO money,
	LOAIKH tinyint,
	PRIMARY KEY (MAKH)
)

CREATE TABLE NHANVIEN 
(
	MANV char(4) not null,
	HOTEN varchar(40),
	SODT varchar(20),
	NGVL smalldatetime,
	PRIMARY KEY (MANV)
)

CREATE TABLE SANPHAM
(
	MASP char(4) not null,
	TENSP varchar(40),
	DVT varchar(40),
	NUOCSX varchar(40),
	GIA money,
	PRIMARY KEY (MASP)
)

CREATE TABLE HOADON 
(
	SOHD int not null,
	NGHD smalldatetime,
	MAKH char(4) REFERENCES KHACHHANG(MAKH),
	MANV char(4) REFERENCES NHANVIEN(MANV),
	TRIGIA money,
	PRIMARY KEY (SOHD)
)

CREATE TABLE CTHD
(
	SOHD int FOREIGN KEY (SOHD) REFERENCES HOADON(SOHD),
	MASP char(4) FOREIGN KEY (MASP) REFERENCES SANPHAM(MASP),
	SL int,
	CONSTRAINT PK_CTHD PRIMARY KEY(SOHD, MASP)
)

ALTER TABLE HOADON ADD CONSTRAINT FK_HD_KH FOREIGN KEY (MAKH) REFERENCES KHACHHANG(MAKH)
ALTER TABLE HOADON ADD CONSTRAINT FK_HD_MANV FOREIGN KEY (MANV) REFERENCES NHANVIEN(MANV)

-- Câu 2 --
ALTER TABLE SANPHAM ADD GHICHU varchar(20)

-- Câu 3 --
ALTER TABLE KHACHHANG ADD LOAIKH tinyint 

-- Câu 4 --
ALTER TABLE	SANPHAM ALTER COLUMN GHICHU varchar(100)

-- Câu 5 --		
ALTER TABLE SANPHAM DROP COLUMN GHICHU 

-- Câu 6 --
ALTER TABLE KHACHHANG ALTER COLUMN LOAIKH varchar(20)

-- Câu 7 --
ALTER TABLE SANPHAM ADD CONSTRAINT GT_DVT CHECK (DVT = 'CAY' OR DVT = 'HOP' OR DVT = 'CAI' OR DVT = 'QUYEN' OR DVT = 'CHUC' )
-- ALTER TABLE SANPHAM ADD CHECK (DVT = 'CAY' ... OR DVT = 'CHUC' )  "Tạo ràng buộc nhưng ko kèm theo tên

-- Câu 8 --
ALTER TABLE SANPHAM ADD CHECK (GIA >= 500 )
-- ALTER TABLE SANPHAM ADD CONSTRAINT GIA_TIEN CHECK ( GIA >= 500)

-- Câu 9 --
ALTER TABLE CTHD ADD CONSTRAINT SL_SP CHECK ( SL >= 1 )

-- Câu 10 --
ALTER TABLE KHACHHANG ADD NGDK smalldatetime
ALTER TABLE KHACHHANG ADD CHECK ( NGDK > NGSINH )


-- Phần 2 -- 
-- Câu 1 --
SET DATEFORMAT dmy;

INSERT INTO NHANVIEN (MANV, HOTEN, SODT, NGVL) VALUES ('NV01', 'Nguyen Nhu Nhut', '0927345678', '13/4/2006')
INSERT INTO NHANVIEN (MANV, HOTEN, SODT, NGVL) VALUES ('NV02', 'Le Thi Phi Yen', '0987567390', '21/4/2006')
INSERT INTO NHANVIEN (MANV, HOTEN, SODT, NGVL) VALUES ('NV03', 'Nguyen Van B', '0997047382', '27/4/2006')
INSERT INTO NHANVIEN (MANV, HOTEN, SODT, NGVL) VALUES ('NV04', 'Ngo Thanh Tuan', '0913758498', '24/6/2006')
INSERT INTO NHANVIEN (MANV, HOTEN, SODT, NGVL) VALUES ('NV05', 'Nguyen Thi Truc Thanh', '0918590387', '20/7/2006')
	

INSERT INTO KHACHHANG (MAKH, HOTEN, DCHI, SODT, NGSINH, DOANHSO, NGDK) VALUES ('KH01', 'Nguyen Van A', '731, Tran Hung Dao, Q5, TPHCM', '08823451', '22/10/1960', 13060000, '22/07/2006')
INSERT INTO KHACHHANG (MAKH, HOTEN, DCHI, SODT, NGSINH, DOANHSO, NGDK) VALUES ('KH02', 'Tran Ngoc Han', '23/5 Nguyen Trai, Q5, TpHCM', '0908256478', '03/04/1974', 280000, '30/07/2006')
INSERT INTO KHACHHANG (MAKH, HOTEN, DCHI, SODT, NGSINH, DOANHSO, NGDK) VALUES ('KH03', 'Tran Ngoc Linh', '45 Nguyen Canh Chan, Q1, TpHCM', '0938776266', '12/06/1980', 3860000, '05/08/2006')
INSERT INTO KHACHHANG (MAKH, HOTEN, DCHI, SODT, NGSINH, DOANHSO, NGDK) VALUES ('KH04', 'Tran Minh Long', '50/34 Le Dai hanh, Q10, TpHCM', '0917325476', '09/03/1965', 250000, '02/10/2006')
INSERT INTO KHACHHANG (MAKH, HOTEN, DCHI, SODT, NGSINH, DOANHSO, NGDK) VALUES ('KH05', 'Le Nhat Minh', '34 Truong Dinh, Q3, TPHCM', '08246108', '10/03/1960', 21000, '28/10/2006')
INSERT INTO KHACHHANG (MAKH, HOTEN, DCHI, SODT, NGSINH, DOANHSO, NGDK) VALUES ('KH06', 'Le Hoai Thuong', '227 Nguyen Van Cu, Q5, TpHCM', '08631738', '31/12/1981', 915000, '24/11/2006')
INSERT INTO KHACHHANG (MAKH, HOTEN, DCHI, SODT, NGSINH, DOANHSO, NGDK) VALUES ('KH07', 'Nguyen Van Tam', '32/3 Tran Binh Trong, Q5, TpHCM', '0916783565', '06/04/1971', 12500, '01/12/2006')
INSERT INTO KHACHHANG (MAKH, HOTEN, DCHI, SODT, NGSINH, DOANHSO, NGDK) VALUES ('KH08', 'Phan Thi Thanh', '45/2 An Duong Vuong, Q5, TPHCM', '0938435756', '10/01/1971', 365000, '13/12/2006')
INSERT INTO KHACHHANG (MAKH, HOTEN, DCHI, SODT, NGSINH, DOANHSO, NGDK) VALUES ('KH09', 'Le Ha Vinh', '873 Le Hong Phong, Q5, TPHCM', '08654763', '03/09/1979', 70000, '14/01/2007')
INSERT INTO KHACHHANG (MAKH, HOTEN, DCHI, SODT, NGSINH, DOANHSO, NGDK) VALUES ('KH10', 'Ha Duy Lap', '34/34B Nguyen Trai, Q1, TPHCM', '08768904', '02/05/1963', 67500, '16/01/2007')


INSERT INTO SANPHAM (MASP, TENSP, DVT, NUOCSX, GIA) VALUES ('BC01', 'But Chi', 'cay', 'Singapore', 3000)
INSERT INTO SANPHAM (MASP, TENSP, DVT, NUOCSX, GIA) VALUES ('BC02', 'But Chi', 'cay', 'Singapore', 5000)
INSERT INTO SANPHAM (MASP, TENSP, DVT, NUOCSX, GIA) VALUES ('BC03', 'But Chi', 'cay', 'Viet Nam', 3500)
INSERT INTO SANPHAM (MASP, TENSP, DVT, NUOCSX, GIA) VALUES ('BC04', 'But Chi', 'hop', 'Viet Nam', 30000)
INSERT INTO SANPHAM (MASP, TENSP, DVT, NUOCSX, GIA) VALUES ('BB01', 'But bi', 'cay', 'Viet Nam', 5000)
INSERT INTO SANPHAM (MASP, TENSP, DVT, NUOCSX, GIA) VALUES ('BB02', 'But bi', 'cay', 'Trung Quoc', 7000)
INSERT INTO SANPHAM (MASP, TENSP, DVT, NUOCSX, GIA) VALUES ('BB03', 'But bi', 'hop', 'Thai Lan', 100000)
INSERT INTO SANPHAM (MASP, TENSP, DVT, NUOCSX, GIA) VALUES ('TV01', 'Tap 100 giay mong', 'quyen', 'Trung Quoc', 2500)
INSERT INTO SANPHAM (MASP, TENSP, DVT, NUOCSX, GIA) VALUES ('TV02', 'Tap 200 giay mong', 'quyen', 'Trung Quoc', 4500)
INSERT INTO SANPHAM (MASP, TENSP, DVT, NUOCSX, GIA) VALUES ('TV03', 'Tap 100 giay tot', 'quyen', 'Viet Nam', 3000)
INSERT INTO SANPHAM (MASP, TENSP, DVT, NUOCSX, GIA) VALUES ('TV04', 'Tap 200 giay tot', 'quyen', 'Viet Nam', 5500)
INSERT INTO SANPHAM (MASP, TENSP, DVT, NUOCSX, GIA) VALUES ('TV05', 'Tap 100 trang', 'chuc', 'Viet Nam', 23000)
INSERT INTO SANPHAM (MASP, TENSP, DVT, NUOCSX, GIA) VALUES ('TV06', 'Tap 200 trang', 'chuc', 'Viet Nam', 53000)
INSERT INTO SANPHAM (MASP, TENSP, DVT, NUOCSX, GIA) VALUES ('TV07', 'Tap 100 trang', 'chuc', 'Viet Nam', 34000)
INSERT INTO SANPHAM (MASP, TENSP, DVT, NUOCSX, GIA) VALUES ('ST01', 'So tay 500 trang', 'quyen', 'Viet Nam', 40000)
INSERT INTO SANPHAM (MASP, TENSP, DVT, NUOCSX, GIA) VALUES ('ST02', 'So tay loai 1', 'quyen', 'Viet Nam', 55000)
INSERT INTO SANPHAM (MASP, TENSP, DVT, NUOCSX, GIA) VALUES ('ST03', 'So tay loai 2', 'quyen', 'Viet Nam', 51000)
INSERT INTO SANPHAM (MASP, TENSP, DVT, NUOCSX, GIA) VALUES ('ST04', 'So tay', 'quyen', 'Thai Lan', 55000)
INSERT INTO SANPHAM (MASP, TENSP, DVT, NUOCSX, GIA) VALUES ('ST05', 'So tay mong', 'quyen', 'Thai Lan', 20000)
INSERT INTO SANPHAM (MASP, TENSP, DVT, NUOCSX, GIA) VALUES ('ST06', 'Phan viet bang', 'hop', 'Viet Nam', 5000)
INSERT INTO SANPHAM (MASP, TENSP, DVT, NUOCSX, GIA) VALUES ('ST07', 'Phan khong bui', 'hop', 'Viet Nam', 5000)
INSERT INTO SANPHAM (MASP, TENSP, DVT, NUOCSX, GIA) VALUES ('ST08', 'Bong bang', 'cai', 'Viet Nam', 1000)
INSERT INTO SANPHAM (MASP, TENSP, DVT, NUOCSX, GIA) VALUES ('ST09', 'But long', 'cay', 'Viet Nam', 5000)
INSERT INTO SANPHAM (MASP, TENSP, DVT, NUOCSX, GIA) VALUES ('ST10', 'But long', 'cay', 'Trung Quoc', 7000)

INSERT INTO HOADON VALUES ('1001', '23/07/2006', 'KH01', 'NV01', 320000)
INSERT INTO HOADON VALUES ('1002', '12/08/2006', 'KH01', 'NV02', 840000)
INSERT INTO HOADON VALUES ('1003', '23/08/2006', 'KH02', 'NV01', 100000)
INSERT INTO HOADON VALUES ('1004', '01/09/2006', 'KH02', 'NV01', 180000)
INSERT INTO HOADON VALUES ('1005', '20/10/2006', 'KH01', 'NV02', 3800000)
INSERT INTO HOADON VALUES ('1006', '16/10/2006', 'KH01', 'NV03', 2430000)
INSERT INTO HOADON VALUES ('1007', '28/10/2006', 'KH03', 'NV03', 510000)
INSERT INTO HOADON VALUES ('1008', '28/10/2006', 'KH01', 'NV03', 440000)
INSERT INTO HOADON VALUES ('1009', '28/10/2006', 'KH03', 'NV04', 200000)
INSERT INTO HOADON VALUES ('1010', '01/11/2006', 'KH01', 'NV01', 5200000)
INSERT INTO HOADON VALUES ('1011', '04/11/2006', 'KH04', 'NV03', 250000 )
INSERT INTO HOADON VALUES ('1012', '30/11/2006', 'KH05', 'NV03', 21000 )
INSERT INTO HOADON VALUES ('1013', '12/12/2006', 'KH06', 'NV01', 5000)
INSERT INTO HOADON VALUES ('1014', '31/12/2006', 'KH03', 'NV02', 3150000 )
INSERT INTO HOADON VALUES ('1015', '01/01/2007', 'KH05', 'NV01', 910000)
INSERT INTO HOADON VALUES ('1016', '01/01/2007', 'KH07', 'NV02', 12500 )
INSERT INTO HOADON VALUES ('1017', '02/01/2007', 'KH08', 'NV03', 35000 )
INSERT INTO HOADON VALUES ('1018', '13/01/2007', 'KH08', 'NV03', 330000 )
INSERT INTO HOADON VALUES ('1019', '13/01/2007', 'KH01', 'NV03', 30000 )
INSERT INTO HOADON VALUES ('1020', '14/01/2007', 'KH09', 'NV04', 70000)
INSERT INTO HOADON VALUES ('1021', '16/01/2007', 'KH10', 'NV03', 67500 )
INSERT INTO HOADON VALUES ('1022', '16/01/2007', NULL, 'NV03', 7000)
INSERT INTO HOADON VALUES ('1023', '17/01/2007', NULL, 'NV01', 330000)


INSERT INTO CTHD (SOHD, MASP, SL) VALUES (1001, 'TV02', 10)
INSERT INTO CTHD (SOHD, MASP, SL) VALUES (1001, 'ST01', 5)
INSERT INTO CTHD (SOHD, MASP, SL) VALUES (1001, 'BC01', 5)
INSERT INTO CTHD (SOHD, MASP, SL) VALUES (1001, 'BC02', 10)
INSERT INTO CTHD (SOHD, MASP, SL) VALUES (1001, 'ST08', 10)
INSERT INTO CTHD (SOHD, MASP, SL) VALUES (1002, 'BC04', 20)
INSERT INTO CTHD (SOHD, MASP, SL) VALUES (1002, 'BB01', 20)
INSERT INTO CTHD (SOHD, MASP, SL) VALUES (1002, 'BB02', 20)
INSERT INTO CTHD (SOHD, MASP, SL) VALUES (1002, 'BB03', 10)
INSERT INTO CTHD (SOHD, MASP, SL) VALUES (1004, 'TV01', 20)
INSERT INTO CTHD (SOHD, MASP, SL) VALUES (1004, 'TV02', 10)
INSERT INTO CTHD (SOHD, MASP, SL) VALUES (1004, 'TV03', 10)
INSERT INTO CTHD (SOHD, MASP, SL) VALUES (1004, 'TV04', 10)
INSERT INTO CTHD (SOHD, MASP, SL) VALUES (1005, 'TV05', 50)
INSERT INTO CTHD (SOHD, MASP, SL) VALUES (1005, 'TV06', 50)
INSERT INTO CTHD (SOHD, MASP, SL) VALUES (1001, 'TV07', 20)
INSERT INTO CTHD (SOHD, MASP, SL) VALUES (1006, 'ST01', 30)
INSERT INTO CTHD (SOHD, MASP, SL) VALUES (1006, 'ST02', 10)
INSERT INTO CTHD (SOHD, MASP, SL) VALUES (1007, 'ST03', 10)
INSERT INTO CTHD (SOHD, MASP, SL) VALUES (1008, 'ST04', 8)
INSERT INTO CTHD (SOHD, MASP, SL) VALUES (1009, 'ST05', 10)
INSERT INTO CTHD (SOHD, MASP, SL) VALUES (1010, 'TV07', 50)
INSERT INTO CTHD (SOHD, MASP, SL) VALUES (1010, 'ST07', 50)
INSERT INTO CTHD (SOHD, MASP, SL) VALUES (1010, 'ST08', 100)
INSERT INTO CTHD (SOHD, MASP, SL) VALUES (1010, 'ST04', 50)
INSERT INTO CTHD (SOHD, MASP, SL) VALUES (1010, 'TV03', 100)
INSERT INTO CTHD (SOHD, MASP, SL) VALUES (1011, 'ST06', 50)
INSERT INTO CTHD (SOHD, MASP, SL) VALUES (1012, 'ST07', 3)
INSERT INTO CTHD (SOHD, MASP, SL) VALUES (1013, 'ST08', 5)
INSERT INTO CTHD (SOHD, MASP, SL) VALUES (1014, 'BC02', 80)
INSERT INTO CTHD (SOHD, MASP, SL) VALUES (1014, 'BB02', 100)
INSERT INTO CTHD (SOHD, MASP, SL) VALUES (1014, 'BC04', 60)
INSERT INTO CTHD (SOHD, MASP, SL) VALUES (1014, 'BB01', 50)
INSERT INTO CTHD (SOHD, MASP, SL) VALUES (1015, 'BB02', 30)
INSERT INTO CTHD (SOHD, MASP, SL) VALUES (1015, 'BB03', 7)
INSERT INTO CTHD (SOHD, MASP, SL) VALUES (1016, 'TV01', 5)
INSERT INTO CTHD (SOHD, MASP, SL) VALUES (1017, 'TV02', 1)
INSERT INTO CTHD (SOHD, MASP, SL) VALUES (1017, 'TV03', 1)
INSERT INTO CTHD (SOHD, MASP, SL) VALUES (1017, 'TV04', 5)
INSERT INTO CTHD (SOHD, MASP, SL) VALUES (1018, 'ST04', 6)
INSERT INTO CTHD (SOHD, MASP, SL) VALUES (1019, 'ST05', 1)
INSERT INTO CTHD (SOHD, MASP, SL) VALUES (1019, 'ST06', 2)
INSERT INTO CTHD (SOHD, MASP, SL) VALUES (1020, 'ST07', 10)
INSERT INTO CTHD (SOHD, MASP, SL) VALUES (1021, 'ST08', 5)
INSERT INTO CTHD (SOHD, MASP, SL) VALUES (1021, 'TV01', 7)
INSERT INTO CTHD (SOHD, MASP, SL) VALUES (1021, 'TV02', 10)
INSERT INTO CTHD (SOHD, MASP, SL) VALUES (1022, 'TV02', 10)
INSERT INTO CTHD (SOHD, MASP, SL) VALUES (1023, 'ST04', 6)
INSERT INTO CTHD (SOHD, MASP, SL) VALUES (1023, 'BC01', 5)
INSERT INTO CTHD (SOHD, MASP, SL) VALUES (1023, 'BC02', 1)

-- Câu 2 --
select * into SANPHAM1 from SANPHAM
select * into KHACHHANG1 from KHACHHANG

-- Câu 3 --
select * from SANPHAM1 where NUOCSX = 'Thai Lan' 
update SANPHAM1 set	GIA = GIA * 1.05 where NUOCSX = 'Thai Lan'

-- Câu 4 -- 
select * from SANPHAM1 where NUOCSX = 'Trung Quoc' and GIA <= 10000
update SANPHAM1 set GIA = GIA * 0.95 where NUOCSX = 'Trung Quoc' and GIA <= 10000

-- Câu 5 --
select * from KHACHHANG1 where (NGDK < '01/01/2007' and DOANHSO >= 10000000) or (NGDK >= '01/01/2007' and DOANHSO >= 2000000)
update KHACHHANG1 set LOAIKH = 'VIP' where (NGDK < '01/01/2007' and DOANHSO >= 10000000) or (NGDK >= '01/01/2007' and DOANHSO >= 2000000)

-- Phần 3 -- 
-- Câu 1 --
select MASP, TENSP from SANPHAM1 where NUOCSX = 'Trung Quoc'

-- Câu 2 -- 
select MASP, TENSP from SANPHAM1 where DVT = 'cay' or DVT = 'quyen'

-- Câu 3 --
select MASP, TENSP from SANPHAM1 where MASP like 'B_01'

-- Câu 4 --
update SANPHAM set NUOCSX = 'Trung Quoc' where MASP = 'TV07' or MASP = 'ST01'
update SANPHAM1 set NUOCSX = 'Trung Quoc' where MASP = 'TV07' or MASP = 'ST01'
select MASP, TENSP from SANPHAM1 where (NUOCSX = 'Trung Quoc') and (GIA between 30000 and 40000)

-- Câu 5 -- 
select MASP, TENSP from SANPHAM1 where (NUOCSX in ('Trung Quoc', 'Thai Lan')) and (GIA between 30000 and 40000)

-- Câu 6 -- 
select SOHD,TRIGIA from HOADON where (NGHD in ('01/01/2007', '02/01/2007'))

-- Câu 7 --
select SOHD, TRIGIA from HOADON where (YEAR(NGHD) = 2007 and MONTH(NGHD) = 1) order by NGHD , TRIGIA DESC

	
-- Câu 8 --
SELECT KH.MAKH, KH.HOTEN
FROM KHACHHANG KH JOIN HOADON HD
ON KH.MAKH = HD.MAKH 
WHERE HD.NGHD = '01/01/2007'

-- Câu 9 --
-- In ra số hóa đơn, trị giá các hóa đơn do nhân viên có tên “Nguyen Van B” lập trong ngày 28/10/2006
SELECT HD.SOHD,	HD.TRIGIA
FROM HOADON HD JOIN NHANVIEN NV
ON NV.MANV = HD.MANV
WHERE NV.HOTEN = 'Nguyen Van B' AND HD.NGHD = '28/10/2006'

-- Câu 10 --
-- In ra danh sách các sản phẩm (MASP,TENSP) được khách hàng có tên “Nguyen Van A” mua trong tháng 10/2006.
SELECT SP.MASP, SP.TENSP
FROM SANPHAM SP JOIN CTHD
ON SP.MASP = CTHD.MASP
WHERE CTHD.SOHD IN (SELECT SOHD 
					FROM HOADON JOIN KHACHHANG 
					ON HOADON.MAKH = KHACHHANG.MAKH
					WHERE YEAR(HOADON.NGHD) = 2006 
						  AND MONTH(HOADON.NGHD) = 10 
						  AND KHACHHANG.HOTEN = 'Nguyen Van A')


-- Câu 11 --
-- Tìm các số hóa đơn đã mua sản phẩm có mã số “BB01” hoặc “BB02”.
SELECT SOHD
FROM CTHD 
WHERE CTHD.MASP = 'BB01' OR CTHD.MASP = 'BB02' 


-- Câu 12 --
-- Tìm các số hóa đơn đã mua sản phẩm có mã số “BB01” hoặc “BB02”, mỗi sản phẩm mua với số lượng từ 10 đến 20.
SELECT SOHD
FROM CTHD 
WHERE (CTHD.MASP = 'BB01' OR CTHD.MASP = 'BB02') AND (CTHD.SL BETWEEN 10 AND 20)


-- Câu 13 --
-- Tìm các số hóa đơn mua cùng lúc 2 sản phẩm có mã số “BB01” và “BB02”, mỗi sản phẩm mua với số lượng từ 10 đến 20.
SELECT SOHD 
FROM CTHD 
WHERE CTHD.SL BETWEEN 10 AND 20 
	  AND CTHD.MASP = 'BB01' 
	  INTERSECT 
	  (
		SELECT SOHD 
		FROM CTHD 
		WHERE CTHD.MASP = 'BB02'
	  )
										

-- Câu 14 --
-- In ra danh sách các sản phẩm (MASP,TENSP) do “Trung Quoc” sản xuất hoặc các sản phẩm được bán ra trong ngày 1/1/2007.
SELECT DISTINCT SP.MASP, SP.TENSP
FROM SANPHAM SP JOIN CTHD 
ON SP.MASP = CTHD.MASP
WHERE SP.NUOCSX = 'Trung Quoc' OR CTHD.SOHD IN (SELECT SOHD	
												 FROM HOADON 
												 WHERE NGHD = '01/01/2007')


-- Câu 15 --
-- In ra danh sách các sản phẩm (MASP,TENSP) không bán được
SELECT DISTINCT SP.MASP, SP.TENSP
FROM SANPHAM SP
WHERE SP.MASP NOT IN(SELECT DISTINCT MASP
					 FROM CTHD)


-- Câu 16 -- 
-- In ra danh sách các sản phẩm (MASP,TENSP) không bán được trong năm 2006
SELECT DISTINCT SP.MASP, SP.TENSP
FROM SANPHAM SP
WHERE SP.MASP NOT IN(SELECT DISTINCT CTHD.MASP
					 FROM CTHD JOIN HOADON HD
					 ON CTHD.SOHD = HD.SOHD
					 WHERE YEAR(HD.NGHD) = 2006)


-- Câu 17 --
-- In ra danh sách các sản phẩm (MASP,TENSP) do “Trung Quoc” sản xuất không bán được trong năm 2006.
SELECT DISTINCT SP.MASP, SP.TENSP
FROM SANPHAM SP
WHERE SP.NUOCSX = 'Trung Quoc' AND SP.MASP NOT IN(SELECT DISTINCT CTHD.MASP
												  FROM CTHD JOIN HOADON HD
												  ON CTHD.SOHD = HD.SOHD
												  WHERE YEAR(HD.NGHD) = 2006)

-- Câu 18 -- 
-- Tìm số hóa đơn đã mua tất cả các sản phẩm do Singapore sản xuất.
/* 
A : B = C
A = CTHD
B =	SANPHAM
C = HOADON
*/

SELECT HD.SOHD
FROM HOADON HD
WHERE NOT EXISTS ( 
					SELECT * 
					FROM SANPHAM SP
					WHERE NOT EXISTS (
										SELECT *	
										FROM CTHD
										WHERE CTHD.MASP = SP.MASP AND HD.SOHD = CTHD.SOHD 
									)
				)

-- Câu 19 --
-- Tìm số hóa đơn trong năm 2006 đã mua ít nhất tất cả các sản phẩm do Singapore sản xuất


-- Câu 20
-- Có bao nhiêu hóa đơn không phải của khách hàng đăng ký thành viên mua?
SELECT * FROM HOADON
SELECT COUNT(*) SL
FROM HOADON 
WHERE HOADON.MAKH IS NULL


-- Câu 21 --
-- Có bao nhiêu sản phẩm khác nhau được bán ra trong năm 2006
SELECT COUNT(*) SL
FROM HOADON HD JOIN CTHD 
ON HD.SOHD = CTHD.SOHD
WHERE YEAR(HD.NGHD) = 2006


-- Câu 22 
-- Cho biết trị giá hóa đơn cao nhất, thấp nhất là bao nhiêu ?
SELECT MAX(TRIGIA) 'CAO NHAT', MIN(TRIGIA) 'THAP NHAT'
FROM HOADON HD


-- Câu 23
-- Trị giá trung bình của tất cả các hóa đơn được bán ra trong năm 2006 là bao nhiêu?
SELECT AVG(TRIGIA) 'TRUNG BINH'
FROM HOADON 
WHERE YEAR(HOADON.NGHD) = 2006



-- Câu 24 
-- Tính doanh thu bán hàng trong năm 2006
SELECT SUM(TRIGIA) 'DOANH THU'
FROM HOADON
WHERE YEAR(HOADON.NGHD) = 2006


-- Câu 25 
-- Tìm số hóa đơn có trị giá cao nhất trong năm 2006
SELECT HD.SOHD
FROM HOADON HD
WHERE YEAR(HD.NGHD) = 2006 AND HD.TRIGIA >= ALL ( 
												 SELECT MAX(TRIGIA)
												 FROM HOADON 
												 WHERE YEAR(HOADON.NGHD) = 2006
												)

-- cách 2 
SELECT TOP 1 WITH TIES HD.SOHD
FROM HOADON HD	
WHERE YEAR(HD.NGHD) = 2006 
ORDER BY HD.TRIGIA DESC

-- cách 3
SELECT HD.SOHD
FROM HOADON HD
WHERE YEAR(HD.NGHD) = 2006 AND HD.TRIGIA = (
											SELECT MAX(TRIGIA)
											FROM HOADON
											WHERE YEAR(HOADON.NGHD) = 2006
										   )

-- Câu 26
-- Tìm họ tên khách hàng đã mua hóa đơn có trị giá cao nhất trong năm 2006
SELECT KH.HOTEN
FROM KHACHHANG KH RIGHT JOIN HOADON HD
ON KH.MAKH = HD.MAKH 
WHERE YEAR(HD.NGHD) = 2006 AND HD.TRIGIA >= ALL (
												  SELECT MAX(HOADON.TRIGIA)
												  FROM HOADON 
												  WHERE YEAR(NGHD) = 2006
												)


-- Câu 27
-- In ra danh sách 3 khách hàng (MAKH, HOTEN) có doanh số cao nhất.
SELECT TOP 3 MAKH, HOTEN
FROM KHACHHANG 
ORDER BY DOANHSO DESC

-- Câu 28
-- In ra danh sách các sản phẩm (MASP, TENSP) có giá bán bằng 1 trong 3 mức giá cao nhất
SELECT SP.MASP, SP.TENSP
FROM SANPHAM SP
WHERE SP.GIA IN (	
				  SELECT TOP 3 GIA
				  FROM SANPHAM
				  ORDER BY GIA DESC 
				)


-- Câu 29
-- 